Category,Word
React JS Developer,react
React JS Developer,experience
React JS Developer,html
React JS Developer,using
React JS Developer,project
React JS Developer,css
React JS Developer,web
React JS Developer,javascript
React JS Developer,developer
React JS Developer,knowledge
React JS Developer,application
React JS Developer,skills
React JS Developer,design
React JS Developer,team
React JS Developer,technologies
React JS Developer,development
React JS Developer,good
React JS Developer,used
React JS Developer,components
React JS Developer,work
Workday,workday
Workday,integrations
Workday,business
Workday,reports
Workday,experience
Workday,using
Workday,eib
Workday,worked
Workday,core
Workday,hcm
Workday,custom
Workday,integration
Workday,report
Workday,studio
Workday,data
Workday,fields
Workday,created
Workday,security
Workday,client
Workday,process
PeopleSoft,peoplesoft
PeopleSoft,application
PeopleSoft,server
PeopleSoft,experience
PeopleSoft,database
PeopleSoft,servers
PeopleSoft,process
PeopleSoft,people
PeopleSoft,project
PeopleSoft,web
PeopleSoft,domains
PeopleSoft,tools
PeopleSoft,oracle
PeopleSoft,scheduler
PeopleSoft,data
PeopleSoft,reports
PeopleSoft,fscm
PeopleSoft,support
PeopleSoft,environment
PeopleSoft,production
SQL Developer,sql
SQL Developer,data
SQL Developer,experience
SQL Developer,server
SQL Developer,using
SQL Developer,functions
SQL Developer,reports
SQL Developer,database
SQL Developer,project
SQL Developer,tables
SQL Developer,queries
SQL Developer,knowledge
SQL Developer,business
SQL Developer,procedures
SQL Developer,good
SQL Developer,stored
SQL Developer,views
SQL Developer,power
SQL Developer,like
SQL Developer,services
